"code";"name";"sku";"price";"short_description";"description";"epaisseur";"longueur";"largeur";"choix";"country_of_manufacture";"attribute_set";"store";"type";"root_category";"product_websites";"weight";"status";"visibility";"tax_class_id"
"TMELOFICOU000LO";"Lame De Terrasse Elondo Choix Courant  Fixation Invisible 2 Faces Lisses  Rainure Et Languette En Bout.";"121130273";"20,80";;"Le Lorem Ipsum est simplement du faux texte employé dans la composition et la mise en page avant impression. Le Lorem Ipsum est le faux texte standard de l'imprimerie depuis les années 1500, quand un peintre anonyme assembla ensemble des morceaux de texte pour réaliser un livre spécimen de polices de texte. Il n'a pas fait que survivre cinq siècles, mais s'est aussi adapté à la bureautique informatique, sans que son contenu n'en soit modifié. Il a été popularisé dans les années 1960 grâce à la vente de feuilles Letraset contenant des passages du Lorem Ipsum, et, plus récemment, par son inclusion dans des applications de mise en page de texte, comme Aldus PageMaker.";"21,000";"0,0000";"130,000";;;"Default";"";"simple";"Catalogue";"base";"10";"Enabled";"Catalog, Search";"Shipping"
"TF00000DEG000BL";"Dégriseur Bois";"3239911102214";"20,80";"Eclaircit les bois grisaillés sans les décolorer.Nettoie, dérouille,détache et dégraisse, action rapide";"Le Dégriseur Bois est destiné au nettoyage et au détachage des boiseries extérieures ayant subi les agressions des intempéries. Son action rapide et pénétrante élimine grisaillement, taches et salissures, sur bois ainsi que plastiques, ciment et dallages extérieurs.Rendement : 5 m²/L/coucheNuancier : Incolore";"0,000";"0,0000";"0,000";;;"Default";"";"simple";"Catalogue";"base";"10";"Enabled";"Search";"Shipping"
"TF00000DEG000BL";"Dégriseur Bois";"3239913102212";"20,80";"Eclaircit les bois grisaillés sans les décolorer.Nettoie, dérouille,détache et dégraisse, action rapide";"Le Dégriseur Bois est destiné au nettoyage et au détachage des boiseries extérieures ayant subi les agressions des intempéries. Son action rapide et pénétrante élimine grisaillement, taches et salissures, sur bois ainsi que plastiques, ciment et dallages extérieurs.Rendement : 5 m²/L/coucheNuancier : Incolore";"0,000";"0,0000";"0,000";;;"Default";"";"simple";"Catalogue";"base";"10";"Enabled";"Search";"Shipping"
"TMTECFACOU000EB";"Lame De Terrasse Teck Choix Courant A Visser 2 Faces Lisses. Rainure Languette En Bout";"919120610";"20,80";;"Le Lorem Ipsum est simplement du faux texte employé dans la composition et la mise en page avant impression. Le Lorem Ipsum est le faux texte standard de l'imprimerie depuis les années 1500, quand un peintre anonyme assembla ensemble des morceaux de texte pour réaliser un livre spécimen de polices de texte. Il n'a pas fait que survivre cinq siècles, mais s'est aussi adapté à la bureautique informatique, sans que son contenu n'en soit modifié. Il a été popularisé dans les années 1960 grâce à la vente de feuilles Letraset contenant des passages du Lorem Ipsum, et, plus récemment, par son inclusion dans des applications de mise en page de texte, comme Aldus PageMaker.";"19,000";"0,0000";"120,000";;;"Default";"";"simple";"Catalogue";"base";"10";"Enabled";"Search";"Shipping"
"TMTECFACOU000EB";"Lame De Terrasse Teck Choix Courant A Visser 2 Faces Lisses. Rainure Languette En Bout";"919140610";"20,80";;"Le Lorem Ipsum est simplement du faux texte employé dans la composition et la mise en page avant impression. Le Lorem Ipsum est le faux texte standard de l'imprimerie depuis les années 1500, quand un peintre anonyme assembla ensemble des morceaux de texte pour réaliser un livre spécimen de polices de texte. Il n'a pas fait que survivre cinq siècles, mais s'est aussi adapté à la bureautique informatique, sans que son contenu n'en soit modifié. Il a été popularisé dans les années 1960 grâce à la vente de feuilles Letraset contenant des passages du Lorem Ipsum, et, plus récemment, par son inclusion dans des applications de mise en page de texte, comme Aldus PageMaker.";"19,000";"0,0000";"140,000";;;"Default";"";"simple";"Catalogue";"base";"10";"Enabled";"Search";"Shipping"
"TMBCOFI000ABCSV";"Bois Composite Teinte Brun Colorado Antiderapant Fixation Invisible   ";"3760102970126";"20,80";;"Bonne résistance à la glisse, tant en finition rainurée, lisse que structurée.Ne grise pas comme un bois massifTerrasse durable sans traitement, imputrescibleInstallation facile et rapide: système de fixation adaptéClips invisibles et accessoires de finitionsUn investissement sur et écologiqueGarantie 25 ans*Fabriqué en France, sous technologie brevetée";"23,000";"4000,0000";"138,000";;;"Default";"";"simple";"Catalogue";"base";"10";"Enabled";"Catalog, Search";"Shipping"
"TABCO00JUPGILSV";"Jupe De Finition Bois Composite Teinte Gris Iroise Lisse ";"3760102973165";"20,80";;"Le Lorem Ipsum est simplement du faux texte employé dans la composition et la mise en page avant impression. Le Lorem Ipsum est le faux texte standard de l'imprimerie depuis les années 1500, quand un peintre anonyme assembla ensemble des morceaux de texte pour réaliser un livre spécimen de polices de texte. Il n'a pas fait que survivre cinq siècles, mais s'est aussi adapté à la bureautique informatique, sans que son contenu n'en soit modifié. Il a été popularisé dans les années 1960 grâce à la vente de feuilles Letraset contenant des passages du Lorem Ipsum, et, plus récemment, par son inclusion dans des applications de mise en page de texte, comme Aldus PageMaker.";"20,000";"2000,0000";"70,000";;;"Default";"";"simple";"Catalogue";"base";"10";"Enabled";"Catalog, Search";"Shipping"
"TABCO00JUPLBCSV";"Jupe De Finition Bois Composite Teinte Brun Colorado Lisse ";"3760102973141";"20,80";;"Le Lorem Ipsum est simplement du faux texte employé dans la composition et la mise en page avant impression. Le Lorem Ipsum est le faux texte standard de l'imprimerie depuis les années 1500, quand un peintre anonyme assembla ensemble des morceaux de texte pour réaliser un livre spécimen de polices de texte. Il n'a pas fait que survivre cinq siècles, mais s'est aussi adapté à la bureautique informatique, sans que son contenu n'en soit modifié. Il a été popularisé dans les années 1960 grâce à la vente de feuilles Letraset contenant des passages du Lorem Ipsum, et, plus récemment, par son inclusion dans des applications de mise en page de texte, comme Aldus PageMaker.";"20,000";"2000,0000";"70,000";;;"Default";"";"simple";"Catalogue";"base";"10";"Enabled";"Catalog, Search";"Shipping"
"TMACAFACOU00BS";"Acacia Choix Courant Fixation A Visser 1 Face Lisse / 1 Face Antiderapante Profil Peigne.";"921120279";"20,80";"La Lame à découvrir !";"Le Lorem Ipsum est simplement du faux texte employé dans la composition et la mise en page avant impression. Le Lorem Ipsum est le faux texte standard de l'imprimerie depuis les années 1500, quand un peintre anonyme assembla ensemble des morceaux de texte pour réaliser un livre spécimen de polices de texte. Il n'a pas fait que survivre cinq siècles, mais s'est aussi adapté à la bureautique informatique, sans que son contenu n'en soit modifié. Il a été popularisé dans les années 1960 grâce à la vente de feuilles Letraset contenant des passages du Lorem Ipsum, et, plus récemment, par son inclusion dans des applications de mise en page de texte, comme Aldus PageMaker.";"21,000";"0,0000";"120,000";;;"Default";"";"simple";"Catalogue";"base";"10";"Enabled";"Search";"Shipping"
"TMACAFACOU00BS";"Acacia Choix Courant Fixation A Visser 1 Face Lisse / 1 Face Antiderapante Profil Peigne.";"921100279";"20,80";"La Lame à découvrir !";"Le Lorem Ipsum est simplement du faux texte employé dans la composition et la mise en page avant impression. Le Lorem Ipsum est le faux texte standard de l'imprimerie depuis les années 1500, quand un peintre anonyme assembla ensemble des morceaux de texte pour réaliser un livre spécimen de polices de texte. Il n'a pas fait que survivre cinq siècles, mais s'est aussi adapté à la bureautique informatique, sans que son contenu n'en soit modifié. Il a été popularisé dans les années 1960 grâce à la vente de feuilles Letraset contenant des passages du Lorem Ipsum, et, plus récemment, par son inclusion dans des applications de mise en page de texte, comme Aldus PageMaker.";"21,000";"0,0000";"100,000";;;"Default";"";"simple";"Catalogue";"base";"10";"Enabled";"Search";"Shipping"
"TMPSYFACOUTACSW";"Lame De Terrasse Pin Sylvestre Choix Courant Traitement Autoclave Vert Fixation A Visser 1 Face Lisse / 1 Face Antiderapante Profil Peigne.";"9271452763600";"20,80";;"Le Lorem Ipsum est simplement du faux texte employé dans la composition et la mise en page avant impression. Le Lorem Ipsum est le faux texte standard de l'imprimerie depuis les années 1500, quand un peintre anonyme assembla ensemble des morceaux de texte pour réaliser un livre spécimen de polices de texte. Il n'a pas fait que survivre cinq siècles, mais s'est aussi adapté à la bureautique informatique, sans que son contenu n'en soit modifié. Il a été popularisé dans les années 1960 grâce à la vente de feuilles Letraset contenant des passages du Lorem Ipsum, et, plus récemment, par son inclusion dans des applications de mise en page de texte, comme Aldus PageMaker.";"27,000";"3600,0000";"145,000";;;"Default";"";"simple";"Catalogue";"base";"10";"Enabled";"Search";"Shipping"
"TMPSYFACOUTACSW";"Lame De Terrasse Pin Sylvestre Choix Courant Traitement Autoclave Vert Fixation A Visser 1 Face Lisse / 1 Face Antiderapante Profil Peigne.";"9271452764800";"20,80";;"Le Lorem Ipsum est simplement du faux texte employé dans la composition et la mise en page avant impression. Le Lorem Ipsum est le faux texte standard de l'imprimerie depuis les années 1500, quand un peintre anonyme assembla ensemble des morceaux de texte pour réaliser un livre spécimen de polices de texte. Il n'a pas fait que survivre cinq siècles, mais s'est aussi adapté à la bureautique informatique, sans que son contenu n'en soit modifié. Il a été popularisé dans les années 1960 grâce à la vente de feuilles Letraset contenant des passages du Lorem Ipsum, et, plus récemment, par son inclusion dans des applications de mise en page de texte, comme Aldus PageMaker.";"27,000";"4800,0000";"145,000";;;"Default";"";"simple";"Catalogue";"base";"10";"Enabled";"Search";"Shipping"
"TMPSYFACOUTACSW";"Lame De Terrasse Pin Sylvestre Choix Courant Traitement Autoclave Vert Fixation A Visser 1 Face Lisse / 1 Face Antiderapante Profil Peigne.";"9271452764200";"20,80";;"Le Lorem Ipsum est simplement du faux texte employé dans la composition et la mise en page avant impression. Le Lorem Ipsum est le faux texte standard de l'imprimerie depuis les années 1500, quand un peintre anonyme assembla ensemble des morceaux de texte pour réaliser un livre spécimen de polices de texte. Il n'a pas fait que survivre cinq siècles, mais s'est aussi adapté à la bureautique informatique, sans que son contenu n'en soit modifié. Il a été popularisé dans les années 1960 grâce à la vente de feuilles Letraset contenant des passages du Lorem Ipsum, et, plus récemment, par son inclusion dans des applications de mise en page de texte, comme Aldus PageMaker.";"27,000";"4200,0000";"145,000";;;"Default";"";"simple";"Catalogue";"base";"10";"Enabled";"Search";"Shipping"
"TMPSYFACOUTACSW";"Lame De Terrasse Pin Sylvestre Choix Courant Traitement Autoclave Vert Fixation A Visser 1 Face Lisse / 1 Face Antiderapante Profil Peigne.";"9271452763000";"20,80";;"Le Lorem Ipsum est simplement du faux texte employé dans la composition et la mise en page avant impression. Le Lorem Ipsum est le faux texte standard de l'imprimerie depuis les années 1500, quand un peintre anonyme assembla ensemble des morceaux de texte pour réaliser un livre spécimen de polices de texte. Il n'a pas fait que survivre cinq siècles, mais s'est aussi adapté à la bureautique informatique, sans que son contenu n'en soit modifié. Il a été popularisé dans les années 1960 grâce à la vente de feuilles Letraset contenant des passages du Lorem Ipsum, et, plus récemment, par son inclusion dans des applications de mise en page de texte, comme Aldus PageMaker.";"27,000";"3000,0000";"145,000";;;"Default";"";"simple";"Catalogue";"base";"10";"Enabled";"Search";"Shipping"
"TMDGLFACOU000GI";"Lame De Terrasse Douglas Choix Courant A Visser 2 Faces Lisses.";"9281452751305";"20,80";;"Le Lorem Ipsum est simplement du faux texte employé dans la composition et la mise en page avant impression. Le Lorem Ipsum est le faux texte standard de l'imprimerie depuis les années 1500, quand un peintre anonyme assembla ensemble des morceaux de texte pour réaliser un livre spécimen de polices de texte. Il n'a pas fait que survivre cinq siècles, mais s'est aussi adapté à la bureautique informatique, sans que son contenu n'en soit modifié. Il a été popularisé dans les années 1960 grâce à la vente de feuilles Letraset contenant des passages du Lorem Ipsum, et, plus récemment, par son inclusion dans des applications de mise en page de texte, comme Aldus PageMaker.";"28,000";"3000,0000";"145,000";;;"Default";"";"simple";"Catalogue";"base";"10";"Enabled";"Catalog, Search";"Shipping"
"TMFREFACOUTHBBS";"Lame De Terrasse Frene Thermochauffé Choix Courant Fixation A Visser 1 Face Lisse / 1 Face Antiderapante Profil Peigne.";"921140278";"20,80";;"Le Lorem Ipsum est simplement du faux texte employé dans la composition et la mise en page avant impression. Le Lorem Ipsum est le faux texte standard de l'imprimerie depuis les années 1500, quand un peintre anonyme assembla ensemble des morceaux de texte pour réaliser un livre spécimen de polices de texte. Il n'a pas fait que survivre cinq siècles, mais s'est aussi adapté à la bureautique informatique, sans que son contenu n'en soit modifié. Il a été popularisé dans les années 1960 grâce à la vente de feuilles Letraset contenant des passages du Lorem Ipsum, et, plus récemment, par son inclusion dans des applications de mise en page de texte, comme Aldus PageMaker.";"21,000";"0,0000";"140,000";;;"Default";"";"simple";"Catalogue";"base";"10";"Enabled";"Search";"Shipping"
"TMFREFACOUTHBBS";"Lame De Terrasse Frene Thermochauffé Choix Courant Fixation A Visser 1 Face Lisse / 1 Face Antiderapante Profil Peigne.";"921100278";"20,80";;"Le Lorem Ipsum est simplement du faux texte employé dans la composition et la mise en page avant impression. Le Lorem Ipsum est le faux texte standard de l'imprimerie depuis les années 1500, quand un peintre anonyme assembla ensemble des morceaux de texte pour réaliser un livre spécimen de polices de texte. Il n'a pas fait que survivre cinq siècles, mais s'est aussi adapté à la bureautique informatique, sans que son contenu n'en soit modifié. Il a été popularisé dans les années 1960 grâce à la vente de feuilles Letraset contenant des passages du Lorem Ipsum, et, plus récemment, par son inclusion dans des applications de mise en page de texte, comme Aldus PageMaker.";"21,000";"0,0000";"100,000";;;"Default";"";"simple";"Catalogue";"base";"10";"Enabled";"Search";"Shipping"
"TMFREFACOUTHBBS";"Lame De Terrasse Frene Thermochauffé Choix Courant Fixation A Visser 1 Face Lisse / 1 Face Antiderapante Profil Peigne.";"921120278";"20,80";;"Le Lorem Ipsum est simplement du faux texte employé dans la composition et la mise en page avant impression. Le Lorem Ipsum est le faux texte standard de l'imprimerie depuis les années 1500, quand un peintre anonyme assembla ensemble des morceaux de texte pour réaliser un livre spécimen de polices de texte. Il n'a pas fait que survivre cinq siècles, mais s'est aussi adapté à la bureautique informatique, sans que son contenu n'en soit modifié. Il a été popularisé dans les années 1960 grâce à la vente de feuilles Letraset contenant des passages du Lorem Ipsum, et, plus récemment, par son inclusion dans des applications de mise en page de texte, comme Aldus PageMaker.";"21,000";"0,0000";"120,000";;;"Default";"";"simple";"Catalogue";"base";"10";"Enabled";"Search";"Shipping"
"TF00000SATNATBL";"Saturateur Environnement Naturel   ";"3239911102948";"20,80";"Imprégnation et protection des boiseries et menuiseries extérieures";"Naturellement pénétrant, le Saturateur Bois est destiné à la protection des bois difficilement imprégnables. Son application rationnelle humide sur humide conduit à la formation d'une protection nourissante. Recommandé sur terrasses, barrières, caillebotis, portails, ponts de bateaux, mobilier de jardin.";"0,000";"0,0000";"0,000";;;"Default";"";"simple";"Catalogue";"base";"10";"Enabled";"Search";"Shipping"
"TF00000SATNATBL";"Saturateur Environnement Naturel   ";"3239918102941";"20,80";"Imprégnation et protection des boiseries et menuiseries extérieures";"Naturellement pénétrant, le Saturateur Bois est destiné à la protection des bois difficilement imprégnables. Son application rationnelle humide sur humide conduit à la formation d'une protection nourissante. Recommandé sur terrasses, barrières, caillebotis, portails, ponts de bateaux, mobilier de jardin.";"0,000";"0,0000";"0,000";;;"Default";"";"simple";"Catalogue";"base";"10";"Enabled";"Search";"Shipping"
"TF00000SATNATBL";"Saturateur Environnement Naturel   ";"3239917102942";"20,80";"Imprégnation et protection des boiseries et menuiseries extérieures";"Naturellement pénétrant, le Saturateur Bois est destiné à la protection des bois difficilement imprégnables. Son application rationnelle humide sur humide conduit à la formation d'une protection nourissante. Recommandé sur terrasses, barrières, caillebotis, portails, ponts de bateaux, mobilier de jardin.";"0,000";"0,0000";"0,000";;;"Default";"";"simple";"Catalogue";"base";"10";"Enabled";"Search";"Shipping"
"TMBCOFI000LBCSV";"Lame De Terrasse Bois Composite Teinte Brun Colorado Lisse Fixation Invisible  ";"3760102970737";"20,80";;"Le Lorem Ipsum est simplement du faux texte employé dans la composition et la mise en page avant impression. Le Lorem Ipsum est le faux texte standard de l'imprimerie depuis les années 1500, quand un peintre anonyme assembla ensemble des morceaux de texte pour réaliser un livre spécimen de polices de texte. Il n'a pas fait que survivre cinq siècles, mais s'est aussi adapté à la bureautique informatique, sans que son contenu n'en soit modifié. Il a été popularisé dans les années 1960 grâce à la vente de feuilles Letraset contenant des passages du Lorem Ipsum, et, plus récemment, par son inclusion dans des applications de mise en page de texte, comme Aldus PageMaker.";"23,000";"4000,0000";"138,000";;;"Default";"";"simple";"Catalogue";"base";"10";"Enabled";"Catalog, Search";"Shipping"
"TA00000FGE000SP";"Fibre Geotextil  ";"00011334";"20,80";"Évite le repousse de la végétation. Se pose directement sur le sol, terre , gazon. Indispensable pour toutes les terrasses réalisées sur un sol en terre. Recouvrir les bords de 20cm lorsque vous juxtaposez plusieurs feutres. ";"Le Lorem Ipsum est simplement du faux texte employé dans la composition et la mise en page avant impression. Le Lorem Ipsum est le faux texte standard de l'imprimerie depuis les années 1500, quand un peintre anonyme assembla ensemble des morceaux de texte pour réaliser un livre spécimen de polices de texte. Il n'a pas fait que survivre cinq siècles, mais s'est aussi adapté à la bureautique informatique, sans que son contenu n'en soit modifié. Il a été popularisé dans les années 1960 grâce à la vente de feuilles Letraset contenant des passages du Lorem Ipsum, et, plus récemment, par son inclusion dans des applications de mise en page de texte, comme Aldus PageMaker.";"0,000";"25,0000";"1,000";;;"Default";"";"simple";"Catalogue";"base";"10";"Enabled";"Catalog, Search";"Shipping"
"TF00000SATBCLBL";"Saturateur Environnement Bois Clair  ";"3239918102910";"20,80";"Imprégnation et protection des boiseries et menuiseries extérieures";"Naturellement pénétrant, le Saturateur Bois est destiné à la protection des bois difficilement imprégnables. Son application rationnelle humide sur humide conduit à la formation d'une protection nourissante. Recommandé sur terrasses, barrières, caillebotis, portails, ponts de bateaux, mobilier de jardin.";"0,000";"0,0000";"0,000";;;"Default";"";"simple";"Catalogue";"base";"10";"Enabled";"Search";"Shipping"
"TF00000SATBCLBL";"Saturateur Environnement Bois Clair  ";"3239911102917";"20,80";"Imprégnation et protection des boiseries et menuiseries extérieures";"Naturellement pénétrant, le Saturateur Bois est destiné à la protection des bois difficilement imprégnables. Son application rationnelle humide sur humide conduit à la formation d'une protection nourissante. Recommandé sur terrasses, barrières, caillebotis, portails, ponts de bateaux, mobilier de jardin.";"0,000";"0,0000";"0,000";;;"Default";"";"simple";"Catalogue";"base";"10";"Enabled";"Search";"Shipping"
"TF00000SATBCLBL";"Saturateur Environnement Bois Clair  ";"3239917102911";"20,80";"Imprégnation et protection des boiseries et menuiseries extérieures";"Naturellement pénétrant, le Saturateur Bois est destiné à la protection des bois difficilement imprégnables. Son application rationnelle humide sur humide conduit à la formation d'une protection nourissante. Recommandé sur terrasses, barrières, caillebotis, portails, ponts de bateaux, mobilier de jardin.";"0,000";"0,0000";"0,000";;;"Default";"";"simple";"Catalogue";"base";"10";"Enabled";"Search";"Shipping"
"TMBCOFI000IPASV";"Lame De Terrasse Bois Composite Teinte Ipe  Antiderapant Fixation Invisible   ";"3760102970218";"20,80";;"Le Lorem Ipsum est simplement du faux texte employé dans la composition et la mise en page avant impression. Le Lorem Ipsum est le faux texte standard de l'imprimerie depuis les années 1500, quand un peintre anonyme assembla ensemble des morceaux de texte pour réaliser un livre spécimen de polices de texte. Il n'a pas fait que survivre cinq siècles, mais s'est aussi adapté à la bureautique informatique, sans que son contenu n'en soit modifié. Il a été popularisé dans les années 1960 grâce à la vente de feuilles Letraset contenant des passages du Lorem Ipsum, et, plus récemment, par son inclusion dans des applications de mise en page de texte, comme Aldus PageMaker.";"23,000";"4000,0000";"138,000";;;"Default";"";"simple";"Catalogue";"base";"10";"Enabled";"Catalog, Search";"Shipping"
"TMIPEFACOU000LO";"Lame De Terrasse Ipe Choix Courant Fixation A Visser 1 Face Lisse / 1 Face Antiderapante Profil Peigne.";"121130270";"20,80";;"Le Lorem Ipsum est simplement du faux texte employé dans la composition et la mise en page avant impression. Le Lorem Ipsum est le faux texte standard de l'imprimerie depuis les années 1500, quand un peintre anonyme assembla ensemble des morceaux de texte pour réaliser un livre spécimen de polices de texte. Il n'a pas fait que survivre cinq siècles, mais s'est aussi adapté à la bureautique informatique, sans que son contenu n'en soit modifié. Il a été popularisé dans les années 1960 grâce à la vente de feuilles Letraset contenant des passages du Lorem Ipsum, et, plus récemment, par son inclusion dans des applications de mise en page de texte, comme Aldus PageMaker.";"21,000";"0,0000";"130,000";;;"Default";"";"simple";"Catalogue";"base";"10";"Enabled";"Catalog, Search";"Shipping"
"TA00000KFI000BS";"Kit Fixation Invisible  (clip +  Vis Conso 10/12/m2 ) ";"0000000000636";"20,80";;"Le Lorem Ipsum est simplement du faux texte employé dans la composition et la mise en page avant impression. Le Lorem Ipsum est le faux texte standard de l'imprimerie depuis les années 1500, quand un peintre anonyme assembla ensemble des morceaux de texte pour réaliser un livre spécimen de polices de texte. Il n'a pas fait que survivre cinq siècles, mais s'est aussi adapté à la bureautique informatique, sans que son contenu n'en soit modifié. Il a été popularisé dans les années 1960 grâce à la vente de feuilles Letraset contenant des passages du Lorem Ipsum, et, plus récemment, par son inclusion dans des applications de mise en page de texte, comme Aldus PageMaker.";"0,000";"0,0000";"0,000";;;"Default";"";"simple";"Catalogue";"base";"10";"Enabled";"Catalog, Search";"Shipping"
"TF00000SATBFOBL";"Saturateur Environnement Bois Foncé";"3239911102931";"20,80";"Imprégnation et protection des boiseries et menuiseries extérieures";"Naturellement pénétrant, le Saturateur Bois est destiné à la protection des bois difficilement imprégnables. Son application rationnelle humide sur humide conduit à la formation d'une protection nourissante. Recommandé sur terrasses, barrières, caillebotis, portails, ponts de bateaux, mobilier de jardin.";"0,000";"0,0000";"0,000";;;"Default";"";"simple";"Catalogue";"base";"10";"Enabled";"Search";"Shipping"
"TF00000SATBFOBL";"Saturateur Environnement Bois Foncé";"3239917102935";"20,80";"Imprégnation et protection des boiseries et menuiseries extérieures";"Naturellement pénétrant, le Saturateur Bois est destiné à la protection des bois difficilement imprégnables. Son application rationnelle humide sur humide conduit à la formation d'une protection nourissante. Recommandé sur terrasses, barrières, caillebotis, portails, ponts de bateaux, mobilier de jardin.";"0,000";"0,0000";"0,000";;;"Default";"";"simple";"Catalogue";"base";"10";"Enabled";"Search";"Shipping"
"TF00000SATBFOBL";"Saturateur Environnement Bois Foncé";"3239918102934";"20,80";"Imprégnation et protection des boiseries et menuiseries extérieures";"Naturellement pénétrant, le Saturateur Bois est destiné à la protection des bois difficilement imprégnables. Son application rationnelle humide sur humide conduit à la formation d'une protection nourissante. Recommandé sur terrasses, barrières, caillebotis, portails, ponts de bateaux, mobilier de jardin.";"0,000";"0,0000";"0,000";;;"Default";"";"simple";"Catalogue";"base";"10";"Enabled";"Search";"Shipping"
"TMRES00CAV000AB";"Lame De Terrasse Bois Resineux Campagne Vieilli  ";"6302005000567";"20,80";;"Le Lorem Ipsum est simplement du faux texte employé dans la composition et la mise en page avant impression. Le Lorem Ipsum est le faux texte standard de l'imprimerie depuis les années 1500, quand un peintre anonyme assembla ensemble des morceaux de texte pour réaliser un livre spécimen de polices de texte. Il n'a pas fait que survivre cinq siècles, mais s'est aussi adapté à la bureautique informatique, sans que son contenu n'en soit modifié. Il a été popularisé dans les années 1960 grâce à la vente de feuilles Letraset contenant des passages du Lorem Ipsum, et, plus récemment, par son inclusion dans des applications de mise en page de texte, comme Aldus PageMaker.";"30,000";"5000,0000";"200,000";;;"Default";"";"simple";"Catalogue";"base";"10";"Enabled";"Catalog, Search";"Shipping"
"TA00000VIS000AF";"Vis Inox Torxa2 Couleur Bronze (Boite De 150)";"5550283";"20,80";;"Le Lorem Ipsum est simplement du faux texte employé dans la composition et la mise en page avant impression. Le Lorem Ipsum est le faux texte standard de l'imprimerie depuis les années 1500, quand un peintre anonyme assembla ensemble des morceaux de texte pour réaliser un livre spécimen de polices de texte. Il n'a pas fait que survivre cinq siècles, mais s'est aussi adapté à la bureautique informatique, sans que son contenu n'en soit modifié. Il a été popularisé dans les années 1960 grâce à la vente de feuilles Letraset contenant des passages du Lorem Ipsum, et, plus récemment, par son inclusion dans des applications de mise en page de texte, comme Aldus PageMaker.";"0,000";"0,0000";"0,000";;;"Default";"";"simple";"Catalogue";"base";"10";"Enabled";"Catalog, Search";"Shipping"
"TABCO00JUPIPLSV";"Jupe De Finition Bois Composite Teinte Ipe Lisse ";"3760102973173";"20,80";;"Le Lorem Ipsum est simplement du faux texte employé dans la composition et la mise en page avant impression. Le Lorem Ipsum est le faux texte standard de l'imprimerie depuis les années 1500, quand un peintre anonyme assembla ensemble des morceaux de texte pour réaliser un livre spécimen de polices de texte. Il n'a pas fait que survivre cinq siècles, mais s'est aussi adapté à la bureautique informatique, sans que son contenu n'en soit modifié. Il a été popularisé dans les années 1960 grâce à la vente de feuilles Letraset contenant des passages du Lorem Ipsum, et, plus récemment, par son inclusion dans des applications de mise en page de texte, comme Aldus PageMaker.";"20,000";"2000,0000";"70,000";;;"Default";"";"simple";"Catalogue";"base";"10";"Enabled";"Catalog, Search";"Shipping"
"TMBCOFI000IPLSV";"Lame De Terrasse Bois Composite Teinte Ipe Lisse Fixation Invisible  ";"3760102970751";"20,80";;"Le Lorem Ipsum est simplement du faux texte employé dans la composition et la mise en page avant impression. Le Lorem Ipsum est le faux texte standard de l'imprimerie depuis les années 1500, quand un peintre anonyme assembla ensemble des morceaux de texte pour réaliser un livre spécimen de polices de texte. Il n'a pas fait que survivre cinq siècles, mais s'est aussi adapté à la bureautique informatique, sans que son contenu n'en soit modifié. Il a été popularisé dans les années 1960 grâce à la vente de feuilles Letraset contenant des passages du Lorem Ipsum, et, plus récemment, par son inclusion dans des applications de mise en page de texte, comme Aldus PageMaker.";"23,000";"4000,0000";"138,000";;;"Default";"";"simple";"Catalogue";"base";"10";"Enabled";"Catalog, Search";"Shipping"
"TDCUM00COU000LO";"Dalle De Terrasse  Cumaru Courant Profil Lisse";"9500500281";"20,80";;"Le Lorem Ipsum est simplement du faux texte employé dans la composition et la mise en page avant impression. Le Lorem Ipsum est le faux texte standard de l'imprimerie depuis les années 1500, quand un peintre anonyme assembla ensemble des morceaux de texte pour réaliser un livre spécimen de polices de texte. Il n'a pas fait que survivre cinq siècles, mais s'est aussi adapté à la bureautique informatique, sans que son contenu n'en soit modifié. Il a été popularisé dans les années 1960 grâce à la vente de feuilles Letraset contenant des passages du Lorem Ipsum, et, plus récemment, par son inclusion dans des applications de mise en page de texte, comme Aldus PageMaker.";"42,000";"500,0000";"500,000";;;"Default";"";"simple";"Catalogue";"base";"10";"Enabled";"Catalog, Search";"Shipping"
"TMIPEFICOU000LO";"Lame De Terrasse Ipe Choix Courant Fixation Invisible 1 Face Lisse ";"121130271";"20,80";;"Le Lorem Ipsum est simplement du faux texte employé dans la composition et la mise en page avant impression. Le Lorem Ipsum est le faux texte standard de l'imprimerie depuis les années 1500, quand un peintre anonyme assembla ensemble des morceaux de texte pour réaliser un livre spécimen de polices de texte. Il n'a pas fait que survivre cinq siècles, mais s'est aussi adapté à la bureautique informatique, sans que son contenu n'en soit modifié. Il a été popularisé dans les années 1960 grâce à la vente de feuilles Letraset contenant des passages du Lorem Ipsum, et, plus récemment, par son inclusion dans des applications de mise en page de texte, comme Aldus PageMaker.";"21,000";"0,0000";"130,000";;;"Default";"";"simple";"Catalogue";"base";"10";"Enabled";"Catalog, Search";"Shipping"
"TAELO00LBERABAS";"Lambourde Elondo Rabote 4 Faces ";"942602822130";"20,80";;"Le Lorem Ipsum est simplement du faux texte employé dans la composition et la mise en page avant impression. Le Lorem Ipsum est le faux texte standard de l'imprimerie depuis les années 1500, quand un peintre anonyme assembla ensemble des morceaux de texte pour réaliser un livre spécimen de polices de texte. Il n'a pas fait que survivre cinq siècles, mais s'est aussi adapté à la bureautique informatique, sans que son contenu n'en soit modifié. Il a été popularisé dans les années 1960 grâce à la vente de feuilles Letraset contenant des passages du Lorem Ipsum, et, plus récemment, par son inclusion dans des applications de mise en page de texte, comme Aldus PageMaker.";"42,000";"2130,0000";"60,000";;;"Default";"";"simple";"Catalogue";"base";"10";"Enabled";"Search";"Shipping"
"TAELO00LBERABAS";"Lambourde Elondo Rabote 4 Faces ";"942602822250";"20,80";;"Le Lorem Ipsum est simplement du faux texte employé dans la composition et la mise en page avant impression. Le Lorem Ipsum est le faux texte standard de l'imprimerie depuis les années 1500, quand un peintre anonyme assembla ensemble des morceaux de texte pour réaliser un livre spécimen de polices de texte. Il n'a pas fait que survivre cinq siècles, mais s'est aussi adapté à la bureautique informatique, sans que son contenu n'en soit modifié. Il a été popularisé dans les années 1960 grâce à la vente de feuilles Letraset contenant des passages du Lorem Ipsum, et, plus récemment, par son inclusion dans des applications de mise en page de texte, comme Aldus PageMaker.";"42,000";"2250,0000";"60,000";;;"Default";"";"simple";"Catalogue";"base";"10";"Enabled";"Search";"Shipping"
"TAELO00LBERABAS";"Lambourde Elondo Rabote 4 Faces ";"942602822280";"20,80";;"Le Lorem Ipsum est simplement du faux texte employé dans la composition et la mise en page avant impression. Le Lorem Ipsum est le faux texte standard de l'imprimerie depuis les années 1500, quand un peintre anonyme assembla ensemble des morceaux de texte pour réaliser un livre spécimen de polices de texte. Il n'a pas fait que survivre cinq siècles, mais s'est aussi adapté à la bureautique informatique, sans que son contenu n'en soit modifié. Il a été popularisé dans les années 1960 grâce à la vente de feuilles Letraset contenant des passages du Lorem Ipsum, et, plus récemment, par son inclusion dans des applications de mise en page de texte, comme Aldus PageMaker.";"42,000";"2280,0000";"60,000";;;"Default";"";"simple";"Catalogue";"base";"10";"Enabled";"Search";"Shipping"
"TAELO00LBERABAS";"Lambourde Elondo Rabote 4 Faces ";"942602823160";"20,80";;"Le Lorem Ipsum est simplement du faux texte employé dans la composition et la mise en page avant impression. Le Lorem Ipsum est le faux texte standard de l'imprimerie depuis les années 1500, quand un peintre anonyme assembla ensemble des morceaux de texte pour réaliser un livre spécimen de polices de texte. Il n'a pas fait que survivre cinq siècles, mais s'est aussi adapté à la bureautique informatique, sans que son contenu n'en soit modifié. Il a été popularisé dans les années 1960 grâce à la vente de feuilles Letraset contenant des passages du Lorem Ipsum, et, plus récemment, par son inclusion dans des applications de mise en page de texte, comme Aldus PageMaker.";"42,000";"3160,0000";"60,000";;;"Default";"";"simple";"Catalogue";"base";"10";"Enabled";"Search";"Shipping"
"TMCHEFACOUNATBS";"Lame De Terrasse Chêne Choix Courant Fixation A Visser 1 Face Lisse / 1 Face Antiderapante Profil Peigne.";"921140277";"20,80";;"Le Lorem Ipsum est simplement du faux texte employé dans la composition et la mise en page avant impression. Le Lorem Ipsum est le faux texte standard de l'imprimerie depuis les années 1500, quand un peintre anonyme assembla ensemble des morceaux de texte pour réaliser un livre spécimen de polices de texte. Il n'a pas fait que survivre cinq siècles, mais s'est aussi adapté à la bureautique informatique, sans que son contenu n'en soit modifié. Il a été popularisé dans les années 1960 grâce à la vente de feuilles Letraset contenant des passages du Lorem Ipsum, et, plus récemment, par son inclusion dans des applications de mise en page de texte, comme Aldus PageMaker.";"21,000";"0,0000";"140,000";;;"Default";"";"simple";"Catalogue";"base";"10";"Enabled";"Search";"Shipping"
"TMCHEFACOUNATBS";"Lame De Terrasse Chêne Choix Courant Fixation A Visser 1 Face Lisse / 1 Face Antiderapante Profil Peigne.";"921120277";"20,80";;"Le Lorem Ipsum est simplement du faux texte employé dans la composition et la mise en page avant impression. Le Lorem Ipsum est le faux texte standard de l'imprimerie depuis les années 1500, quand un peintre anonyme assembla ensemble des morceaux de texte pour réaliser un livre spécimen de polices de texte. Il n'a pas fait que survivre cinq siècles, mais s'est aussi adapté à la bureautique informatique, sans que son contenu n'en soit modifié. Il a été popularisé dans les années 1960 grâce à la vente de feuilles Letraset contenant des passages du Lorem Ipsum, et, plus récemment, par son inclusion dans des applications de mise en page de texte, comme Aldus PageMaker.";"21,000";"0,0000";"120,000";;;"Default";"";"simple";"Catalogue";"base";"10";"Enabled";"Search";"Shipping"
"TMCHEFACOUNATBS";"Lame De Terrasse Chêne Choix Courant Fixation A Visser 1 Face Lisse / 1 Face Antiderapante Profil Peigne.";"921100277";"20,80";;"Le Lorem Ipsum est simplement du faux texte employé dans la composition et la mise en page avant impression. Le Lorem Ipsum est le faux texte standard de l'imprimerie depuis les années 1500, quand un peintre anonyme assembla ensemble des morceaux de texte pour réaliser un livre spécimen de polices de texte. Il n'a pas fait que survivre cinq siècles, mais s'est aussi adapté à la bureautique informatique, sans que son contenu n'en soit modifié. Il a été popularisé dans les années 1960 grâce à la vente de feuilles Letraset contenant des passages du Lorem Ipsum, et, plus récemment, par son inclusion dans des applications de mise en page de texte, comme Aldus PageMaker.";"21,000";"0,0000";"100,000";;;"Default";"";"simple";"Catalogue";"base";"10";"Enabled";"Search";"Shipping"
"TA00000PLO000LO";"Plot Reglable   ";"00011909";"20,80";;"Le Lorem Ipsum est simplement du faux texte employé dans la composition et la mise en page avant impression. Le Lorem Ipsum est le faux texte standard de l'imprimerie depuis les années 1500, quand un peintre anonyme assembla ensemble des morceaux de texte pour réaliser un livre spécimen de polices de texte. Il n'a pas fait que survivre cinq siècles, mais s'est aussi adapté à la bureautique informatique, sans que son contenu n'en soit modifié. Il a été popularisé dans les années 1960 grâce à la vente de feuilles Letraset contenant des passages du Lorem Ipsum, et, plus récemment, par son inclusion dans des applications de mise en page de texte, comme Aldus PageMaker.";"0,000";"0,0000";"0,000";;;"Default";"";"simple";"Catalogue";"base";"10";"Enabled";"Search";"Shipping"
"TA00000PLO000LO";"Plot Reglable   ";"00011911";"20,80";;"Le Lorem Ipsum est simplement du faux texte employé dans la composition et la mise en page avant impression. Le Lorem Ipsum est le faux texte standard de l'imprimerie depuis les années 1500, quand un peintre anonyme assembla ensemble des morceaux de texte pour réaliser un livre spécimen de polices de texte. Il n'a pas fait que survivre cinq siècles, mais s'est aussi adapté à la bureautique informatique, sans que son contenu n'en soit modifié. Il a été popularisé dans les années 1960 grâce à la vente de feuilles Letraset contenant des passages du Lorem Ipsum, et, plus récemment, par son inclusion dans des applications de mise en page de texte, comme Aldus PageMaker.";"0,000";"0,0000";"0,000";;;"Default";"";"simple";"Catalogue";"base";"10";"Enabled";"Search";"Shipping"
"TA00000PLO000LO";"Plot Reglable   ";"00011913";"20,80";;"Le Lorem Ipsum est simplement du faux texte employé dans la composition et la mise en page avant impression. Le Lorem Ipsum est le faux texte standard de l'imprimerie depuis les années 1500, quand un peintre anonyme assembla ensemble des morceaux de texte pour réaliser un livre spécimen de polices de texte. Il n'a pas fait que survivre cinq siècles, mais s'est aussi adapté à la bureautique informatique, sans que son contenu n'en soit modifié. Il a été popularisé dans les années 1960 grâce à la vente de feuilles Letraset contenant des passages du Lorem Ipsum, et, plus récemment, par son inclusion dans des applications de mise en page de texte, comme Aldus PageMaker.";"0,000";"0,0000";"0,000";;;"Default";"";"simple";"Catalogue";"base";"10";"Enabled";"Search";"Shipping"
"TA00000PLO000LO";"Plot Reglable   ";"00011907";"20,80";;"Le Lorem Ipsum est simplement du faux texte employé dans la composition et la mise en page avant impression. Le Lorem Ipsum est le faux texte standard de l'imprimerie depuis les années 1500, quand un peintre anonyme assembla ensemble des morceaux de texte pour réaliser un livre spécimen de polices de texte. Il n'a pas fait que survivre cinq siècles, mais s'est aussi adapté à la bureautique informatique, sans que son contenu n'en soit modifié. Il a été popularisé dans les années 1960 grâce à la vente de feuilles Letraset contenant des passages du Lorem Ipsum, et, plus récemment, par son inclusion dans des applications de mise en page de texte, comme Aldus PageMaker.";"0,000";"0,0000";"0,000";;;"Default";"";"simple";"Catalogue";"base";"10";"Enabled";"Search";"Shipping"
"TMMLZFACOU000GI";"Lame De Terrasse Meleze Choix Courant Fixation A Visser 2 Faces Lisses";"1281452741305";"20,80";;"Le Lorem Ipsum est simplement du faux texte employé dans la composition et la mise en page avant impression. Le Lorem Ipsum est le faux texte standard de l'imprimerie depuis les années 1500, quand un peintre anonyme assembla ensemble des morceaux de texte pour réaliser un livre spécimen de polices de texte. Il n'a pas fait que survivre cinq siècles, mais s'est aussi adapté à la bureautique informatique, sans que son contenu n'en soit modifié. Il a été popularisé dans les années 1960 grâce à la vente de feuilles Letraset contenant des passages du Lorem Ipsum, et, plus récemment, par son inclusion dans des applications de mise en page de texte, comme Aldus PageMaker.";"28,000";"3000,0000";"145,000";;;"Default";"";"simple";"Catalogue";"base";"10";"Enabled";"Catalog, Search";"Shipping"
"TF00000NBC000BL";"Nettoyant Bois Composite  ";"3239911106700";"20,80";"Dégraisse, nettoie et laisse les surfaces nettes et sans traces";"Spécial composites pour tous types de terrasses bois, tous types de terrasses résine et tous mobiliers pour l'extérieur. Le Nettoyant Terrasses nettoie et laisse les surfaces nettes et sans traces. 2 versions : nettoyant prêt à l'emploi (pulvérisateur) et concentré à diluer.Convient pour tous types de terrasses bois, tous types de terrasses résine et tous mobiliers pour l’extérieurPréserve l'aspect d'origine du solAgit contre l’incrustation des salissures et des marquesUtilisation simple et rapideFaible odeur";"0,000";"0,0000";"0,000";;;"Default";"";"simple";"Catalogue";"base";"10";"Enabled";"Catalog, Search";"Shipping"
"TMBCOFI000GILSV";"Lame De Terrasse Bois Composite Teinte Gris Iroise Lisse Fixation Invisible  ";"3760102970744";"20,80";"Personnalisez votre terrasse!Avec son jeu de couleurs, ses trois finitions, ses fixations invisibles et sa gamme d’accessoires, une terrasse Elégance en bois composite Forexia® offre une esthétique inégalée.";"Bonne résistance à la glisse, tant en finition rainurée, lisse que structurée.Ne grise pas comme un bois massifTerrasse durable sans traitement, imputrescibleInstallation facile et rapide: système de fixation adaptéClips invisibles et accessoires de finitionsUn investissement sur et écologiqueGarantie 25 ans*Fabriqué en France, sous technologie brevetée";"23,000";"4000,0000";"138,000";;;"Default";"";"simple";"Catalogue";"base";"10";"Enabled";"Catalog, Search";"Shipping"
"TAPIN00LBETACSW";"Lambourde Pin Traite Autoclave";"945703293000";"20,80";;"Le Lorem Ipsum est simplement du faux texte employé dans la composition et la mise en page avant impression. Le Lorem Ipsum est le faux texte standard de l'imprimerie depuis les années 1500, quand un peintre anonyme assembla ensemble des morceaux de texte pour réaliser un livre spécimen de polices de texte. Il n'a pas fait que survivre cinq siècles, mais s'est aussi adapté à la bureautique informatique, sans que son contenu n'en soit modifié. Il a été popularisé dans les années 1960 grâce à la vente de feuilles Letraset contenant des passages du Lorem Ipsum, et, plus récemment, par son inclusion dans des applications de mise en page de texte, comme Aldus PageMaker.";"45,000";"3000,0000";"70,000";;;"Default";"";"simple";"Catalogue";"base";"10";"Enabled";"Catalog, Search";"Shipping"
"TABCO00CLS000SV";" Clip Composite Simple Et Vis Inox Boite De 30. (Conso 18/m2)  ";"3760102970058";"20,80";;"Le Lorem Ipsum est simplement du faux texte employé dans la composition et la mise en page avant impression. Le Lorem Ipsum est le faux texte standard de l'imprimerie depuis les années 1500, quand un peintre anonyme assembla ensemble des morceaux de texte pour réaliser un livre spécimen de polices de texte. Il n'a pas fait que survivre cinq siècles, mais s'est aussi adapté à la bureautique informatique, sans que son contenu n'en soit modifié. Il a été popularisé dans les années 1960 grâce à la vente de feuilles Letraset contenant des passages du Lorem Ipsum, et, plus récemment, par son inclusion dans des applications de mise en page de texte, comme Aldus PageMaker.";"0,000";"0,0000";"0,000";;;"Default";"";"simple";"Catalogue";"base";"10";"Enabled";"Catalog, Search";"Shipping"
"TMELOFACOU000LO";"Lame De Terrasse Elondo Choix Courant  Fixation A Visser 1 Face Lisse / 1 Face Antiderapante Profil Peigne.";"121130272";"20,80";;"Le Lorem Ipsum est simplement du faux texte employé dans la composition et la mise en page avant impression. Le Lorem Ipsum est le faux texte standard de l'imprimerie depuis les années 1500, quand un peintre anonyme assembla ensemble des morceaux de texte pour réaliser un livre spécimen de polices de texte. Il n'a pas fait que survivre cinq siècles, mais s'est aussi adapté à la bureautique informatique, sans que son contenu n'en soit modifié. Il a été popularisé dans les années 1960 grâce à la vente de feuilles Letraset contenant des passages du Lorem Ipsum, et, plus récemment, par son inclusion dans des applications de mise en page de texte, comme Aldus PageMaker.";"21,000";"0,0000";"130,000";;;"Default";"";"simple";"Catalogue";"base";"10";"Enabled";"Catalog, Search";"Shipping"
"TABCO00CLA000SV";"Clip Composite D'Aboutage Et Vis Inox Boite De 10.   ";"3760102970157";"20,80";;"Le Lorem Ipsum est simplement du faux texte employé dans la composition et la mise en page avant impression. Le Lorem Ipsum est le faux texte standard de l'imprimerie depuis les années 1500, quand un peintre anonyme assembla ensemble des morceaux de texte pour réaliser un livre spécimen de polices de texte. Il n'a pas fait que survivre cinq siècles, mais s'est aussi adapté à la bureautique informatique, sans que son contenu n'en soit modifié. Il a été popularisé dans les années 1960 grâce à la vente de feuilles Letraset contenant des passages du Lorem Ipsum, et, plus récemment, par son inclusion dans des applications de mise en page de texte, comme Aldus PageMaker.";"0,000";"0,0000";"0,000";;;"Default";"";"simple";"Catalogue";"base";"10";"Enabled";"Catalog, Search";"Shipping"
"TF00000SATBEXBL";"Saturateur Environnement Bois Exotique   ";"3239917102928";"20,80";"Imprégnation et protection des boiseries et menuiseries extérieures";"Naturellement pénétrant, le Saturateur Bois est destiné à la protection des bois difficilement imprégnables. Son application rationnelle humide sur humide conduit à la formation d'une protection nourissante. Recommandé sur terrasses, barrières, caillebotis, portails, ponts de bateaux, mobilier de jardin.";"0,000";"0,0000";"0,000";;;"Default";"";"simple";"Catalogue";"base";"10";"Enabled";"Search";"Shipping"
"TF00000SATBEXBL";"Saturateur Environnement Bois Exotique   ";"3239918102927";"20,80";"Imprégnation et protection des boiseries et menuiseries extérieures";"Naturellement pénétrant, le Saturateur Bois est destiné à la protection des bois difficilement imprégnables. Son application rationnelle humide sur humide conduit à la formation d'une protection nourissante. Recommandé sur terrasses, barrières, caillebotis, portails, ponts de bateaux, mobilier de jardin.";"0,000";"0,0000";"0,000";;;"Default";"";"simple";"Catalogue";"base";"10";"Enabled";"Search";"Shipping"
"TF00000SATBEXBL";"Saturateur Environnement Bois Exotique   ";"3239911102924";"20,80";"Imprégnation et protection des boiseries et menuiseries extérieures";"Naturellement pénétrant, le Saturateur Bois est destiné à la protection des bois difficilement imprégnables. Son application rationnelle humide sur humide conduit à la formation d'une protection nourissante. Recommandé sur terrasses, barrières, caillebotis, portails, ponts de bateaux, mobilier de jardin.";"0,000";"0,0000";"0,000";;;"Default";"";"simple";"Catalogue";"base";"10";"Enabled";"Search";"Shipping"
"TF00000SATCHEBL";"Saturateur Environnement Chêne";"3239911102900";"20,80";"Imprégnation et protection des boiseries et menuiseries extérieures";"Naturellement pénétrant, le Saturateur Bois est destiné à la protection des bois difficilement imprégnables. Son application rationnelle humide sur humide conduit à la formation d'une protection nourissante. Recommandé sur terrasses, barrières, caillebotis, portails, ponts de bateaux, mobilier de jardin.";"0,000";"0,0000";"0,000";;;"Default";"";"simple";"Catalogue";"base";"10";"Enabled";"Search";"Shipping"
"TF00000SATCHEBL";"Saturateur Environnement Chêne";"3239917102904";"20,80";"Imprégnation et protection des boiseries et menuiseries extérieures";"Naturellement pénétrant, le Saturateur Bois est destiné à la protection des bois difficilement imprégnables. Son application rationnelle humide sur humide conduit à la formation d'une protection nourissante. Recommandé sur terrasses, barrières, caillebotis, portails, ponts de bateaux, mobilier de jardin.";"0,000";"0,0000";"0,000";;;"Default";"";"simple";"Catalogue";"base";"10";"Enabled";"Search";"Shipping"
"TF00000SATCHEBL";"Saturateur Environnement Chêne";"3239918102903";"20,80";"Imprégnation et protection des boiseries et menuiseries extérieures";"Naturellement pénétrant, le Saturateur Bois est destiné à la protection des bois difficilement imprégnables. Son application rationnelle humide sur humide conduit à la formation d'une protection nourissante. Recommandé sur terrasses, barrières, caillebotis, portails, ponts de bateaux, mobilier de jardin.";"0,000";"0,0000";"0,000";;;"Default";"";"simple";"Catalogue";"base";"10";"Enabled";"Search";"Shipping"
"TA00000CFI000LO";"Clip Bois Fixation Invisible ( Conso 20/m2 ) ";"280500";"20,80";;"Le Lorem Ipsum est simplement du faux texte employé dans la composition et la mise en page avant impression. Le Lorem Ipsum est le faux texte standard de l'imprimerie depuis les années 1500, quand un peintre anonyme assembla ensemble des morceaux de texte pour réaliser un livre spécimen de polices de texte. Il n'a pas fait que survivre cinq siècles, mais s'est aussi adapté à la bureautique informatique, sans que son contenu n'en soit modifié. Il a été popularisé dans les années 1960 grâce à la vente de feuilles Letraset contenant des passages du Lorem Ipsum, et, plus récemment, par son inclusion dans des applications de mise en page de texte, comme Aldus PageMaker.";"0,000";"0,0000";"0,000";;;"Default";"";"simple";"Catalogue";"base";"10";"Enabled";"Search";"Shipping"
"TA00000CFI000LO";"Clip Bois Fixation Invisible ( Conso 20/m2 ) ";"280200";"20,80";;"Le Lorem Ipsum est simplement du faux texte employé dans la composition et la mise en page avant impression. Le Lorem Ipsum est le faux texte standard de l'imprimerie depuis les années 1500, quand un peintre anonyme assembla ensemble des morceaux de texte pour réaliser un livre spécimen de polices de texte. Il n'a pas fait que survivre cinq siècles, mais s'est aussi adapté à la bureautique informatique, sans que son contenu n'en soit modifié. Il a été popularisé dans les années 1960 grâce à la vente de feuilles Letraset contenant des passages du Lorem Ipsum, et, plus récemment, par son inclusion dans des applications de mise en page de texte, comme Aldus PageMaker.";"0,000";"0,0000";"0,000";;;"Default";"";"simple";"Catalogue";"base";"10";"Enabled";"Search";"Shipping"
"TF00000SATGRIBL";"Saturateur Environnement Gris Vieilli  ";"3239918102958";"20,80";"Imprégnation et protection des boiseries et menuiseries extérieures";"Naturellement pénétrant, le Saturateur Bois est destiné à la protection des bois difficilement imprégnables. Son application rationnelle humide sur humide conduit à la formation d'une protection nourissante. Recommandé sur terrasses, barrières, caillebotis, portails, ponts de bateaux, mobilier de jardin.";"0,000";"0,0000";"0,000";;;"Default";"";"simple";"Catalogue";"base";"10";"Enabled";"Search";"Shipping"
"TF00000SATGRIBL";"Saturateur Environnement Gris Vieilli  ";"3239916101540";"20,80";"Imprégnation et protection des boiseries et menuiseries extérieures";"Naturellement pénétrant, le Saturateur Bois est destiné à la protection des bois difficilement imprégnables. Son application rationnelle humide sur humide conduit à la formation d'une protection nourissante. Recommandé sur terrasses, barrières, caillebotis, portails, ponts de bateaux, mobilier de jardin.";"0,000";"0,0000";"0,000";;;"Default";"";"simple";"Catalogue";"base";"10";"Enabled";"Search";"Shipping"
"TF00000SATGRIBL";"Saturateur Environnement Gris Vieilli  ";"3239911102955";"20,80";"Imprégnation et protection des boiseries et menuiseries extérieures";"Naturellement pénétrant, le Saturateur Bois est destiné à la protection des bois difficilement imprégnables. Son application rationnelle humide sur humide conduit à la formation d'une protection nourissante. Recommandé sur terrasses, barrières, caillebotis, portails, ponts de bateaux, mobilier de jardin.";"0,000";"0,0000";"0,000";;;"Default";"";"simple";"Catalogue";"base";"10";"Enabled";"Search";"Shipping"
"TABCO00CDF000SV";"Clip Composite Debut Et Fin  Et Vis Inox (Boite De 10)";"3760102970171";"20,80";;"Le Lorem Ipsum est simplement du faux texte employé dans la composition et la mise en page avant impression. Le Lorem Ipsum est le faux texte standard de l'imprimerie depuis les années 1500, quand un peintre anonyme assembla ensemble des morceaux de texte pour réaliser un livre spécimen de polices de texte. Il n'a pas fait que survivre cinq siècles, mais s'est aussi adapté à la bureautique informatique, sans que son contenu n'en soit modifié. Il a été popularisé dans les années 1960 grâce à la vente de feuilles Letraset contenant des passages du Lorem Ipsum, et, plus récemment, par son inclusion dans des applications de mise en page de texte, comme Aldus PageMaker.";"0,000";"0,0000";"0,000";;;"Default";"";"simple";"Catalogue";"base";"10";"Enabled";"Catalog, Search";"Shipping"
"TMBCOFI000GAASV";"Lame De Terrasse Bois Composite Teinte Gris Anthracite Antiderapant Fixation Invisible   ";"3760102970980";"20,80";;"Le Lorem Ipsum est simplement du faux texte employé dans la composition et la mise en page avant impression. Le Lorem Ipsum est le faux texte standard de l'imprimerie depuis les années 1500, quand un peintre anonyme assembla ensemble des morceaux de texte pour réaliser un livre spécimen de polices de texte. Il n'a pas fait que survivre cinq siècles, mais s'est aussi adapté à la bureautique informatique, sans que son contenu n'en soit modifié. Il a été popularisé dans les années 1960 grâce à la vente de feuilles Letraset contenant des passages du Lorem Ipsum, et, plus récemment, par son inclusion dans des applications de mise en page de texte, comme Aldus PageMaker.";"23,000";"4000,0000";"138,000";;;"Default";"";"simple";"Catalogue";"base";"10";"Enabled";"Catalog, Search";"Shipping"
"TMFREFICOUTHBBS";"Lame De Terrasse Frene Thermochauffe Choix Courant Fixation Invisible  Face Lisse Et Bombe Avec Fixation Et Vis";"921100311";"20,80";;"Le Lorem Ipsum est simplement du faux texte employé dans la composition et la mise en page avant impression. Le Lorem Ipsum est le faux texte standard de l'imprimerie depuis les années 1500, quand un peintre anonyme assembla ensemble des morceaux de texte pour réaliser un livre spécimen de polices de texte. Il n'a pas fait que survivre cinq siècles, mais s'est aussi adapté à la bureautique informatique, sans que son contenu n'en soit modifié. Il a été popularisé dans les années 1960 grâce à la vente de feuilles Letraset contenant des passages du Lorem Ipsum, et, plus récemment, par son inclusion dans des applications de mise en page de texte, comme Aldus PageMaker.";"21,000";"0,0000";"100,000";;;"Default";"";"simple";"Catalogue";"base";"10";"Enabled";"Catalog, Search";"Shipping"
"TMBCOFI000GALSV";"Lame De Terrasse Bois Composite Teinte Gris Anthracite Lisse Fixation Invisible  ";"3760102971055";"20,80";;"Le Lorem Ipsum est simplement du faux texte employé dans la composition et la mise en page avant impression. Le Lorem Ipsum est le faux texte standard de l'imprimerie depuis les années 1500, quand un peintre anonyme assembla ensemble des morceaux de texte pour réaliser un livre spécimen de polices de texte. Il n'a pas fait que survivre cinq siècles, mais s'est aussi adapté à la bureautique informatique, sans que son contenu n'en soit modifié. Il a été popularisé dans les années 1960 grâce à la vente de feuilles Letraset contenant des passages du Lorem Ipsum, et, plus récemment, par son inclusion dans des applications de mise en page de texte, comme Aldus PageMaker.";"23,000";"4000,0000";"138,000";;;"Default";"";"simple";"Catalogue";"base";"10";"Enabled";"Catalog, Search";"Shipping"
"TMBCOFI000GIASV";"Lame De Terrasse Bois Composite Teinte Gris Iroise Antiderapant Fixation Invisible   ";"3760102970201";"20,80";;"Le Lorem Ipsum est simplement du faux texte employé dans la composition et la mise en page avant impression. Le Lorem Ipsum est le faux texte standard de l'imprimerie depuis les années 1500, quand un peintre anonyme assembla ensemble des morceaux de texte pour réaliser un livre spécimen de polices de texte. Il n'a pas fait que survivre cinq siècles, mais s'est aussi adapté à la bureautique informatique, sans que son contenu n'en soit modifié. Il a été popularisé dans les années 1960 grâce à la vente de feuilles Letraset contenant des passages du Lorem Ipsum, et, plus récemment, par son inclusion dans des applications de mise en page de texte, comme Aldus PageMaker.";"23,000";"4000,0000";"138,000";;;"Default";"";"simple";"Catalogue";"base";"10";"Enabled";"Catalog, Search";"Shipping"
"TMPSYFACOUTAMSW";"Lame De Terrasse Pin Sylvestre Choix Courant Traitement Autoclave Marron   Fixation A Visser 1 Face Lisse / 1 Face Antiderapante Profil Peigne.";"9271456413600";"20,80";;"Le Lorem Ipsum est simplement du faux texte employé dans la composition et la mise en page avant impression. Le Lorem Ipsum est le faux texte standard de l'imprimerie depuis les années 1500, quand un peintre anonyme assembla ensemble des morceaux de texte pour réaliser un livre spécimen de polices de texte. Il n'a pas fait que survivre cinq siècles, mais s'est aussi adapté à la bureautique informatique, sans que son contenu n'en soit modifié. Il a été popularisé dans les années 1960 grâce à la vente de feuilles Letraset contenant des passages du Lorem Ipsum, et, plus récemment, par son inclusion dans des applications de mise en page de texte, comme Aldus PageMaker.";"27,000";"3600,0000";"145,000";;;"Default";"";"simple";"Catalogue";"base";"10";"Enabled";"Search";"Shipping"
"TMPSYFACOUTAMSW";"Lame De Terrasse Pin Sylvestre Choix Courant Traitement Autoclave Marron   Fixation A Visser 1 Face Lisse / 1 Face Antiderapante Profil Peigne.";"9271456414800";"20,80";;"Le Lorem Ipsum est simplement du faux texte employé dans la composition et la mise en page avant impression. Le Lorem Ipsum est le faux texte standard de l'imprimerie depuis les années 1500, quand un peintre anonyme assembla ensemble des morceaux de texte pour réaliser un livre spécimen de polices de texte. Il n'a pas fait que survivre cinq siècles, mais s'est aussi adapté à la bureautique informatique, sans que son contenu n'en soit modifié. Il a été popularisé dans les années 1960 grâce à la vente de feuilles Letraset contenant des passages du Lorem Ipsum, et, plus récemment, par son inclusion dans des applications de mise en page de texte, comme Aldus PageMaker.";"27,000";"4800,0000";"145,000";;;"Default";"";"simple";"Catalogue";"base";"10";"Enabled";"Search";"Shipping"
"TMPSYFACOUTAMSW";"Lame De Terrasse Pin Sylvestre Choix Courant Traitement Autoclave Marron   Fixation A Visser 1 Face Lisse / 1 Face Antiderapante Profil Peigne.";"9271456414200";"20,80";;"Le Lorem Ipsum est simplement du faux texte employé dans la composition et la mise en page avant impression. Le Lorem Ipsum est le faux texte standard de l'imprimerie depuis les années 1500, quand un peintre anonyme assembla ensemble des morceaux de texte pour réaliser un livre spécimen de polices de texte. Il n'a pas fait que survivre cinq siècles, mais s'est aussi adapté à la bureautique informatique, sans que son contenu n'en soit modifié. Il a été popularisé dans les années 1960 grâce à la vente de feuilles Letraset contenant des passages du Lorem Ipsum, et, plus récemment, par son inclusion dans des applications de mise en page de texte, comme Aldus PageMaker.";"27,000";"4200,0000";"145,000";;;"Default";"";"simple";"Catalogue";"base";"10";"Enabled";"Search";"Shipping"
"TMPSYFACOUTAMSW";"Lame De Terrasse Pin Sylvestre Choix Courant Traitement Autoclave Marron   Fixation A Visser 1 Face Lisse / 1 Face Antiderapante Profil Peigne.";"9271456413000";"20,80";;"Le Lorem Ipsum est simplement du faux texte employé dans la composition et la mise en page avant impression. Le Lorem Ipsum est le faux texte standard de l'imprimerie depuis les années 1500, quand un peintre anonyme assembla ensemble des morceaux de texte pour réaliser un livre spécimen de polices de texte. Il n'a pas fait que survivre cinq siècles, mais s'est aussi adapté à la bureautique informatique, sans que son contenu n'en soit modifié. Il a été popularisé dans les années 1960 grâce à la vente de feuilles Letraset contenant des passages du Lorem Ipsum, et, plus récemment, par son inclusion dans des applications de mise en page de texte, comme Aldus PageMaker.";"27,000";"3000,0000";"145,000";;;"Default";"";"simple";"Catalogue";"base";"10";"Enabled";"Search";"Shipping"
"TABCO00JUPGALSV";"Jupe De Finition Bois Composite Teinte Gris Anthracite  Lisse ";"3760102973172";"20,80";;"Le Lorem Ipsum est simplement du faux texte employé dans la composition et la mise en page avant impression. Le Lorem Ipsum est le faux texte standard de l'imprimerie depuis les années 1500, quand un peintre anonyme assembla ensemble des morceaux de texte pour réaliser un livre spécimen de polices de texte. Il n'a pas fait que survivre cinq siècles, mais s'est aussi adapté à la bureautique informatique, sans que son contenu n'en soit modifié. Il a été popularisé dans les années 1960 grâce à la vente de feuilles Letraset contenant des passages du Lorem Ipsum, et, plus récemment, par son inclusion dans des applications de mise en page de texte, comme Aldus PageMaker.";"20,000";"2000,0000";"70,000";;;"Default";"";"simple";"Catalogue";"base";"10";"Enabled";"Catalog, Search";"Shipping"
